timestamp,lat_decimal,lon_decimal,lat_raw,lon_raw,alt,satellites,utc_time,rtc_date,rtc_time,ms5611_temp,pressure,ds18b20_temp,scd30_temp,rh,co2,thermal_temp,heating_status,target_range
1754366888.197877,33.42134547804287,-111.92083815131822,3325.2807286825723,11155.250289079093,384.7,11,23:08:08,8/4/2025,23:08:08,29.55,969.23,28.3,28.6,39.94,712.8,26.14,ON,29.4 - 29.6
1754366890.2036438,33.42105954774086,-111.9207689789652,3325.263572864452,11155.246138737912,371.9,9,23:08:10,8/4/2025,23:08:10,28.93,971.98,29.01,28.74,41.72,712.0,25.89,ON,29.4 - 29.6
1754366892.2060301,33.42130249946169,-111.92094087730702,3325.278149967701,11155.256452638421,373.2,7,23:08:12,8/4/2025,23:08:12,28.42,972.69,29.02,28.82,42.99,678.2,26.47,ON,29.4 - 29.6
1754366894.2119129,33.421298133329294,-111.92084662159462,3325.2778879997577,11155.250797295677,384.2,8,23:08:14,8/4/2025,23:08:14,27.75,968.88,28.86,28.2,42.25,711.4,25.61,ON,29.4 - 29.6
1754366896.2186391,33.42113074650915,-111.92093861464357,3325.267844790549,11155.256316878615,378.0,11,23:08:16,8/4/2025,23:08:16,29.06,969.5,28.76,28.94,41.46,712.2,26.22,ON,29.4 - 29.6
1754366898.22159,33.42109325433558,-111.92081617706411,3325.265595260135,11155.248970623847,383.7,12,23:08:18,8/4/2025,23:08:18,27.99,970.53,28.64,28.15,42.77,698.6,26.34,ON,29.4 - 29.6
1754366900.228019,33.421380963254165,-111.92075212236892,3325.28285779525,11155.245127342136,371.9,12,23:08:20,8/4/2025,23:08:20,29.2,971.77,28.51,28.14,48.2,721.4,25.67,ON,29.4 - 29.6
1754366902.2309692,33.42130589462561,-111.92085348745516,3325.278353677537,11155.25120924731,375.1,9,23:08:22,8/4/2025,23:08:22,28.11,970.39,28.13,28.49,45.11,711.9,26.35,ON,29.4 - 29.6
1754366904.232973,33.42136258322933,-111.92081010496791,3325.28175499376,11155.248606298075,385.0,7,23:08:24,8/4/2025,23:08:24,28.36,970.31,28.77,28.69,48.99,701.2,26.11,ON,29.4 - 29.6
1754366906.236508,33.421409487023475,-111.92078389265832,3325.2845692214087,11155.247033559499,387.0,11,23:08:26,8/4/2025,23:08:26,28.74,968.95,28.05,29.01,48.29,699.1,25.91,ON,29.4 - 29.6
1754366908.241555,33.42135332450239,-111.92076856305445,3325.2811994701433,11155.246113783267,388.6,9,23:08:28,8/4/2025,23:08:28,28.03,970.57,29.02,28.62,45.83,739.3,25.84,ON,29.4 - 29.6
1754366910.248349,33.42113158036112,-111.92072335449339,3325.267894821667,11155.243401269603,380.3,7,23:08:30,8/4/2025,23:08:30,27.43,972.03,28.86,28.84,42.03,704.2,26.4,ON,29.4 - 29.6
1754366912.255192,33.42114259892753,-111.92087863776457,3325.268555935652,11155.252718265874,390.3,10,23:08:32,8/4/2025,23:08:32,29.14,969.55,28.69,28.23,40.23,731.1,26.52,ON,29.4 - 29.6
1754366914.260235,33.42116082283106,-111.92062122146035,3325.2696493698636,11155.237273287621,393.2,9,23:08:34,8/4/2025,23:08:34,29.52,967.95,28.57,28.68,45.06,689.1,26.6,ON,29.4 - 29.6
1754366916.2657568,33.421160246673,-111.92068119260003,3325.2696148003797,11155.240871556001,376.5,8,23:08:36,8/4/2025,23:08:36,27.34,969.95,28.69,28.43,48.65,724.3,26.26,ON,29.4 - 29.6
1754366918.2669592,33.42115843708555,-111.92090200806858,3325.2695062251332,11155.254120484115,379.3,11,23:08:38,8/4/2025,23:08:38,29.58,970.26,29.44,28.84,41.01,697.0,26.16,ON,29.4 - 29.6
1754366920.2717361,33.421112456895585,-111.92079947543867,3325.266747413735,11155.24796852632,389.0,7,23:08:40,8/4/2025,23:08:40,27.72,970.89,28.1,28.85,48.14,713.6,26.77,ON,29.4 - 29.6
1754366922.278053,33.421290868607876,-111.92081212810321,3325.2774521164724,11155.248727686192,381.2,9,23:08:42,8/4/2025,23:08:42,28.83,971.27,27.6,28.66,46.8,746.2,26.57,ON,29.4 - 29.6
1754366924.284356,33.421208343440256,-111.92089054247553,3325.272500606415,11155.253432548532,391.9,7,23:08:44,8/4/2025,23:08:44,28.69,967.31,29.1,27.93,41.4,724.9,26.77,ON,29.4 - 29.6
1754366926.294852,33.42117035181092,-111.9206207403548,3325.2702211086553,11155.237244421289,381.5,10,23:08:46,8/4/2025,23:08:46,29.03,969.25,29.05,28.27,49.39,715.5,26.85,ON,29.4 - 29.6
1754366928.302104,33.42120639949306,-111.92083142131226,3325.2723839695836,11155.249885278736,392.6,12,23:08:48,8/4/2025,23:08:48,29.4,969.15,28.54,28.92,43.76,693.6,26.68,ON,29.4 - 29.6
1754366930.3057039,33.42138804807369,-111.92073303915862,3325.283282884421,11155.243982349517,386.3,11,23:08:50,8/4/2025,23:08:50,28.41,968.27,27.71,28.63,43.72,705.6,26.58,ON,29.4 - 29.6
1754366932.311497,33.4212456726711,-111.9207191687148,3325.2747403602657,11155.243150122888,390.7,10,23:08:52,8/4/2025,23:08:52,28.74,970.49,28.24,27.95,43.61,718.5,26.17,ON,29.4 - 29.6
1754366934.3137321,33.421119521833496,-111.92088410169441,3325.26717131001,11155.253046101665,380.0,10,23:08:54,8/4/2025,23:08:54,28.59,972.23,28.16,28.35,40.48,742.6,26.87,ON,29.4 - 29.6
1754366936.3158069,33.42143001149641,-111.92066806088278,3325.2858006897845,11155.240083652967,384.8,10,23:08:56,8/4/2025,23:08:56,27.86,970.2,28.69,29.09,48.01,730.2,26.63,ON,29.4 - 29.6
1754366938.317855,33.42118152788889,-111.92081032241919,3325.2708916733336,11155.248619345151,381.1,9,23:08:58,8/4/2025,23:08:58,28.35,971.5,29.08,28.4,41.89,697.4,26.21,ON,29.4 - 29.6
1754366940.320416,33.421263260770544,-111.92080047488983,3325.275795646233,11155.24802849339,400.4,10,23:09:00,8/4/2025,23:09:00,28.27,968.93,28.68,28.75,41.0,742.3,26.48,ON,29.4 - 29.6
1754366942.325755,33.4211610996761,-111.92059796245931,3325.269665980566,11155.235877747558,388.4,8,23:09:02,8/4/2025,23:09:02,29.25,969.18,29.25,28.31,45.73,758.3,26.59,ON,29.4 - 29.6
1754366944.331978,33.42119988100619,-111.92056635412415,3325.2719928603715,11155.23398124745,388.6,11,23:09:04,8/4/2025,23:09:04,27.9,968.04,28.03,29.3,44.94,736.4,26.89,ON,29.4 - 29.6
1754366946.3378959,33.42137597975823,-111.92083066902438,3325.282558785494,11155.249840141463,385.6,11,23:09:06,8/4/2025,23:09:06,28.36,968.23,28.9,29.08,49.19,752.8,26.9,ON,29.4 - 29.6
1754366948.34423,33.42140904024284,-111.92081811472356,3325.2845424145708,11155.249086883414,383.9,10,23:09:08,8/4/2025,23:09:08,27.52,971.09,28.56,27.82,45.26,743.2,26.88,ON,29.4 - 29.6
1754366950.349011,33.42128930105297,-111.92065815763453,3325.2773580631783,11155.239489458072,388.4,7,23:09:10,8/4/2025,23:09:10,28.1,967.9,27.66,28.65,44.82,726.5,26.51,ON,29.4 - 29.6
1754366952.35461,33.42127552743667,-111.92077812331787,3325.2765316462,11155.246687399072,390.8,11,23:09:12,8/4/2025,23:09:12,28.93,969.52,28.5,28.37,45.04,743.0,27.04,ON,29.4 - 29.6
1754367007.6467788,33.42132898245267,-111.92068746638627,3325.2797389471602,11155.241247983176,374.0,8,23:10:07,8/4/2025,23:10:07,28.02,970.0,29.15,27.84,47.55,720.9,25.98,ON,29.4 - 29.6
1754367009.65327,33.42111763654181,-111.9208818412991,3325.2670581925086,11155.252910477946,380.0,11,23:10:09,8/4/2025,23:10:09,29.16,970.12,27.71,28.86,40.69,716.9,26.18,ON,29.4 - 29.6
1754367011.660115,33.421371963396254,-111.92088722286778,3325.282317803775,11155.253233372066,380.1,10,23:10:11,8/4/2025,23:10:11,28.86,968.73,28.75,28.36,46.51,683.6,25.67,ON,29.4 - 29.6
1754367013.6652532,33.42112500095108,-111.92093859428157,3325.267500057065,11155.256315656894,372.8,11,23:10:13,8/4/2025,23:10:13,27.8,970.84,28.67,28.63,40.93,707.5,26.01,ON,29.4 - 29.6
1754367015.670929,33.42115500179086,-111.92091355314457,3325.2693001074513,11155.254813188674,385.3,7,23:10:15,8/4/2025,23:10:15,29.4,968.77,28.14,29.03,44.69,728.7,25.71,ON,29.4 - 29.6
1754367017.677966,33.42109656485236,-111.92088034970257,3325.2657938911416,11155.252820982154,381.0,8,23:10:17,8/4/2025,23:10:17,29.66,970.23,28.28,28.38,43.8,727.0,26.14,ON,29.4 - 29.6
1754367019.68464,33.421320952010966,-111.92091331980413,3325.279257120658,11155.254799188247,387.8,12,23:10:19,8/4/2025,23:10:19,27.65,969.86,28.87,28.21,49.33,705.5,26.22,ON,29.4 - 29.6
1754367021.6874838,33.42140066607445,-111.92091414644037,3325.284039964467,11155.254848786422,379.4,10,23:10:21,8/4/2025,23:10:21,27.92,971.33,28.1,28.76,46.41,721.0,25.93,ON,29.4 - 29.6
1754367023.69254,33.42118260636593,-111.9209499664403,3325.270956381956,11155.256997986418,372.2,7,23:10:23,8/4/2025,23:10:23,28.22,971.67,28.44,28.65,47.79,695.7,25.75,ON,29.4 - 29.6
1754367025.695307,33.421120875617866,-111.9209168567156,3325.267252537072,11155.255011402936,375.4,9,23:10:25,8/4/2025,23:10:25,28.99,970.0,28.68,27.77,40.86,719.8,26.28,ON,29.4 - 29.6
1754367027.700997,33.42112165025579,-111.92084901265255,3325.2672990153474,11155.250940759153,382.1,10,23:10:27,8/4/2025,23:10:27,29.5,970.55,28.86,29.01,47.69,683.2,26.71,ON,29.4 - 29.6
1754367029.707618,33.4211848366824,-111.92069275719817,3325.271090200944,11155.24156543189,374.1,11,23:10:29,8/4/2025,23:10:29,29.39,972.39,27.92,28.17,47.46,736.4,25.92,ON,29.4 - 29.6
1754367031.7119849,33.42110857211937,-111.9207779397564,3325.2665143271624,11155.246676385384,390.5,12,23:10:31,8/4/2025,23:10:31,28.81,968.58,29.15,28.63,42.33,685.5,26.69,ON,29.4 - 29.6
1754367033.715231,33.421191920390704,-111.92075883248599,3325.2715152234423,11155.24552994916,388.0,12,23:10:33,8/4/2025,23:10:33,28.25,968.94,29.17,28.78,49.29,738.0,26.21,ON,29.4 - 29.6
1754367035.72097,33.4212036966504,-111.92073041355835,3325.272221799024,11155.2438248135,375.3,7,23:10:35,8/4/2025,23:10:35,29.55,971.08,29.06,28.33,41.06,712.1,26.1,ON,29.4 - 29.6
1754367037.728299,33.42118043601065,-111.92061706600349,3325.270826160639,11155.23702396021,384.4,8,23:10:37,8/4/2025,23:10:37,28.37,968.26,28.77,28.62,41.0,720.5,26.18,ON,29.4 - 29.6
1754367039.734541,33.42135687309774,-111.92076741291797,3325.2814123858648,11155.246044775078,377.9,11,23:10:39,8/4/2025,23:10:39,27.67,971.34,28.18,28.83,47.96,719.5,26.18,ON,29.4 - 29.6
1754367041.7423098,33.42114447918457,-111.92077234573665,3325.268668751074,11155.2463407442,379.3,10,23:10:41,8/4/2025,23:10:41,27.82,969.61,28.78,28.12,40.74,742.8,26.76,ON,29.4 - 29.6
1754367043.74879,33.42126760696315,-111.92069810767865,3325.276056417789,11155.241886460719,384.5,10,23:10:43,8/4/2025,23:10:43,28.28,968.2,28.01,28.64,46.57,724.8,26.62,ON,29.4 - 29.6
1754367045.7545059,33.421254238052974,-111.92076629450861,3325.2752542831786,11155.245977670516,394.7,11,23:10:45,8/4/2025,23:10:45,29.37,966.97,28.9,28.55,48.94,727.0,26.51,ON,29.4 - 29.6
1754367047.759487,33.42136670277612,-111.92063854678685,3325.282002166567,11155.23831280721,387.0,10,23:10:47,8/4/2025,23:10:47,29.3,971.34,28.71,28.39,42.36,717.4,26.66,ON,29.4 - 29.6
1754367049.7652118,33.421166262493536,-111.92071769786732,3325.269975749612,11155.24306187204,393.9,10,23:10:49,8/4/2025,23:10:49,28.97,968.52,27.66,28.64,47.75,736.7,26.38,ON,29.4 - 29.6
1754367051.7678878,33.421166411785826,-111.92069173601604,3325.2699847071494,11155.241504160962,380.1,12,23:10:51,8/4/2025,23:10:51,29.4,969.24,28.19,28.46,48.19,726.3,26.01,ON,29.4 - 29.6
1754367053.7732742,33.42134862498095,-111.92069224251046,3325.280917498857,11155.241534550627,390.7,7,23:10:53,8/4/2025,23:10:53,29.25,968.51,28.82,28.18,44.8,719.7,26.27,ON,29.4 - 29.6
1754367055.786426,33.421448618900556,-111.9207609132579,3325.2869171340335,11155.245654795473,379.8,11,23:10:55,8/4/2025,23:10:55,27.68,968.98,28.84,27.95,46.73,712.4,26.04,ON,29.4 - 29.6
1754367057.7924721,33.42122194704488,-111.9206531406407,3325.273316822693,11155.239188438441,391.5,7,23:10:57,8/4/2025,23:10:57,29.08,967.54,28.22,29.04,48.68,727.7,26.81,ON,29.4 - 29.6
1754367059.794789,33.42117520342426,-111.92065421214147,3325.270512205456,11155.239252728488,383.3,9,23:10:59,8/4/2025,23:10:59,28.35,968.57,28.31,28.1,46.41,699.7,26.41,ON,29.4 - 29.6
1754367061.802428,33.42114827627733,-111.92067071582206,3325.2688965766397,11155.240242949323,383.1,9,23:11:01,8/4/2025,23:11:01,28.72,970.42,28.97,28.6,46.52,737.7,26.7,ON,29.4 - 29.6
1754367063.809132,33.4214223676533,-111.920705095337,3325.285342059198,11155.24230572022,390.8,8,23:11:03,8/4/2025,23:11:03,28.57,967.4,28.23,28.73,43.16,732.6,26.38,ON,29.4 - 29.6
1754367065.8161302,33.42136054482049,-111.92059815705097,3325.2816326892294,11155.235889423058,389.0,10,23:11:05,8/4/2025,23:11:05,27.82,968.52,28.7,27.93,41.2,734.4,26.52,ON,29.4 - 29.6
1754367067.8232949,33.421278252781846,-111.92070368985172,3325.276695166911,11155.242221391103,387.7,12,23:11:07,8/4/2025,23:11:07,28.55,968.61,28.83,28.52,46.47,703.4,26.74,ON,29.4 - 29.6
1754367069.825498,33.421304607425796,-111.92075570075079,3325.278276445548,11155.245342045047,391.4,8,23:11:09,8/4/2025,23:11:09,27.84,970.23,29.28,28.76,42.99,736.0,26.77,ON,29.4 - 29.6
1754367071.833048,33.42113643573541,-111.92050996670814,3325.2681861441247,11155.230598002488,396.1,9,23:11:11,8/4/2025,23:11:11,27.98,966.96,28.04,27.87,47.89,739.0,26.94,ON,29.4 - 29.6
1754367073.8390179,33.421186579336045,-111.92056045529183,3325.271194760163,11155.23362731751,390.0,9,23:11:13,8/4/2025,23:11:13,28.15,970.29,29.18,28.37,46.1,752.8,26.54,ON,29.4 - 29.6
1754367075.844453,33.421360753042244,-111.92077600694593,3325.2816451825347,11155.246560416756,395.9,10,23:11:15,8/4/2025,23:11:15,28.8,967.45,28.56,28.91,41.43,724.5,26.28,ON,29.4 - 29.6
1754367077.8509529,33.42140916778799,-111.92080053028049,3325.2845500672797,11155.24803181683,400.1,12,23:11:17,8/4/2025,23:11:17,28.65,969.29,28.4,28.57,45.53,751.3,27.0,ON,29.4 - 29.6
1754367079.85407,33.42132380137356,-111.92052082369277,3325.2794280824137,11155.231249421566,389.6,10,23:11:19,8/4/2025,23:11:19,28.36,968.99,27.87,29.16,43.3,761.1,26.89,ON,29.4 - 29.6
1754367081.8623118,33.42113344086951,-111.9207876292358,3325.2680064521705,11155.247257754148,399.1,7,23:11:21,8/4/2025,23:11:21,28.65,970.23,28.73,28.81,41.99,720.2,26.45,ON,29.4 - 29.6
1754367083.8686342,33.421398163922184,-111.92068882285187,3325.283889835331,11155.241329371112,401.2,7,23:11:23,8/4/2025,23:11:23,28.42,969.43,27.59,28.28,43.89,728.8,26.74,ON,29.4 - 29.6
1754367085.871846,33.42129444053162,-111.92048751167643,3325.277666431897,11155.229250700586,386.8,12,23:11:25,8/4/2025,23:11:25,28.22,971.73,28.36,28.38,44.85,755.4,26.49,ON,29.4 - 29.6
1754367087.8771431,33.42134419330019,-111.92050012715936,3325.2806515980114,11155.230007629561,396.8,10,23:11:27,8/4/2025,23:11:27,28.6,970.25,29.17,28.15,40.78,762.3,26.97,ON,29.4 - 29.6
1754367089.882483,33.42137034782647,-111.92067001948753,3325.282220869588,11155.240201169252,396.9,8,23:11:29,8/4/2025,23:11:29,28.61,968.8,28.54,28.3,44.91,757.8,26.94,ON,29.4 - 29.6
1754367091.8895218,33.42115388246715,-111.92051065525327,3325.269232948029,11155.230639315196,390.0,9,23:11:31,8/4/2025,23:11:31,28.55,969.75,28.7,28.15,43.79,756.7,27.21,ON,29.4 - 29.6
1754367093.897151,33.42137013079486,-111.92078053854011,3325.2822078476916,11155.246832312407,388.8,10,23:11:33,8/4/2025,23:11:33,27.74,971.44,28.03,28.19,47.56,756.0,26.73,ON,29.4 - 29.6
1754367095.904532,33.42116859698013,-111.92054045303388,3325.270115818808,11155.232427182033,405.7,9,23:11:35,8/4/2025,23:11:35,29.34,966.42,28.25,28.39,46.85,721.5,27.0,ON,29.4 - 29.6
1754367097.910227,33.42136677107608,-111.92057433019497,3325.2820062645646,11155.234459811698,392.9,9,23:11:37,8/4/2025,23:11:37,29.49,969.44,28.58,28.24,49.01,714.5,26.88,ON,29.4 - 29.6
1754367099.914786,33.42122212136453,-111.92072897272853,3325.273327281872,11155.243738363712,401.8,9,23:11:39,8/4/2025,23:11:39,28.75,967.75,28.63,28.69,46.87,746.1,27.31,ON,29.4 - 29.6
1754367101.9167948,33.42135096032008,-111.92079747927646,3325.281057619205,11155.247848756588,391.8,10,23:11:41,8/4/2025,23:11:41,29.17,968.96,29.04,29.11,43.43,733.2,27.23,ON,29.4 - 29.6
1754367103.924431,33.421037698796425,-111.920482044857,3325.2622619277854,11155.22892269142,405.2,8,23:11:43,8/4/2025,23:11:43,27.65,967.97,28.7,28.1,48.77,736.3,26.72,ON,29.4 - 29.6
1754367105.9299788,33.42108445476881,-111.92068221436632,3325.2650672861287,11155.24093286198,391.4,11,23:11:45,8/4/2025,23:11:45,27.88,967.72,28.79,28.13,47.2,720.5,27.0,ON,29.4 - 29.6
1754367107.93553,33.42119673882454,-111.92051336268554,3325.2718043294726,11155.230801761132,398.2,9,23:11:47,8/4/2025,23:11:47,29.36,970.22,28.06,28.97,49.23,761.3,26.79,ON,29.4 - 29.6
1754367109.9394078,33.42112606953238,-111.92074696043309,3325.2675641719425,11155.244817625986,403.9,9,23:11:49,8/4/2025,23:11:49,28.46,967.96,29.29,29.11,49.36,738.0,27.05,ON,29.4 - 29.6
1754367111.940405,33.42133349775322,-111.9205606648526,3325.280009865193,11155.233639891156,394.1,12,23:11:51,8/4/2025,23:11:51,28.17,969.99,28.89,29.05,44.74,773.8,27.41,ON,29.4 - 29.6
1754367113.9460008,33.421110224106684,-111.92057026255434,3325.266613446401,11155.23421575326,406.2,9,23:11:53,8/4/2025,23:11:53,29.04,969.07,29.21,28.23,49.08,748.5,27.53,ON,29.4 - 29.6
1754367115.948701,33.42103355221789,-111.92055946287958,3325.2620131330737,11155.233567772775,402.2,11,23:11:55,8/4/2025,23:11:55,29.18,969.0,28.14,28.42,46.95,744.1,26.63,ON,29.4 - 29.6
1754367117.9549031,33.421053284978036,-111.92048737495816,3325.263197098682,11155.22924249749,402.6,8,23:11:57,8/4/2025,23:11:57,27.86,968.64,28.72,28.4,49.48,723.7,26.76,ON,29.4 - 29.6
1754367119.96158,33.42127491670906,-111.92055445499834,3325.2764950025435,11155.2332672999,409.6,11,23:11:59,8/4/2025,23:11:59,28.33,966.45,28.77,28.64,40.72,729.9,27.23,ON,29.4 - 29.6
1754367121.964809,33.42106826503323,-111.92077601938897,3325.2640959019936,11155.246561163338,398.2,8,23:12:01,8/4/2025,23:12:01,29.24,968.0,28.87,28.53,44.74,720.0,27.5,ON,29.4 - 29.6
1754367123.972148,33.421018551872656,-111.92074719421247,3325.2611131123595,11155.244831652748,395.0,11,23:12:03,8/4/2025,23:12:03,28.56,968.94,28.52,28.06,41.84,758.7,26.83,ON,29.4 - 29.6
1754367125.979157,33.421274334373166,-111.92073771367255,3325.27646006239,11155.244262820353,402.7,12,23:12:05,8/4/2025,23:12:05,27.56,968.75,29.06,28.11,48.86,769.2,27.18,ON,29.4 - 29.6
1754367127.9854631,33.421104510682724,-111.920820885974,3325.2662706409633,11155.24925315844,400.8,11,23:12:07,8/4/2025,23:12:07,29.06,967.27,28.31,29.21,43.78,755.7,26.73,ON,29.4 - 29.6
1754367129.9924119,33.42115623453968,-111.92074573459746,3325.2693740723807,11155.244744075848,412.9,12,23:12:09,8/4/2025,23:12:09,28.15,968.26,28.53,27.89,43.29,734.2,26.95,ON,29.4 - 29.6
1754367131.9996328,33.42098421163907,-111.92061328995948,3325.2590526983445,11155.236797397569,410.7,7,23:12:11,8/4/2025,23:12:11,29.25,968.67,29.09,28.47,47.21,728.7,27.45,ON,29.4 - 29.6
1754367134.005554,33.421225146548366,-111.9208423650151,3325.273508792902,11155.250541900907,408.2,9,23:12:14,8/4/2025,23:12:14,28.98,966.15,28.42,27.75,45.8,729.4,27.42,ON,29.4 - 29.6
1754367136.01001,33.42107924973288,-111.92068730591149,3325.2647549839726,11155.241238354689,410.2,9,23:12:16,8/4/2025,23:12:16,29.16,965.58,28.44,28.6,47.68,770.7,26.75,ON,29.4 - 29.6
1754367138.017778,33.421262926295476,-111.9206718070536,3325.2757755777284,11155.240308423216,403.2,12,23:12:18,8/4/2025,23:12:18,28.41,968.13,29.21,29.23,48.49,720.7,26.83,ON,29.4 - 29.6
1754367140.0259578,33.421268088266835,-111.9206319094621,3325.27608529601,11155.237914567726,408.2,9,23:12:20,8/4/2025,23:12:20,29.29,966.14,28.61,29.43,49.05,747.6,27.31,ON,29.4 - 29.6
1754367142.031808,33.42118615536136,-111.92055113756263,3325.2711693216816,11155.233068253758,396.7,10,23:12:22,8/4/2025,23:12:22,28.62,969.78,28.57,29.26,41.26,769.3,27.16,ON,29.4 - 29.6
1754367144.038954,33.42118960357062,-111.92058444546953,3325.271376214237,11155.235066728172,403.4,12,23:12:24,8/4/2025,23:12:24,28.74,968.17,28.97,29.03,44.89,757.2,27.16,ON,29.4 - 29.6
1754367146.042169,33.42104563788722,-111.92075091029012,3325.262738273233,11155.245054617408,402.9,7,23:12:26,8/4/2025,23:12:26,28.05,969.49,29.49,29.35,43.19,766.8,26.88,ON,29.4 - 29.6
1754367148.0505679,33.42112076972337,-111.92087110053511,3325.267246183402,11155.252266032106,398.6,8,23:12:28,8/4/2025,23:12:28,27.75,967.67,28.02,28.8,48.26,778.2,27.69,ON,29.4 - 29.6
1754367150.05408,33.42102526100954,-111.92084105993814,3325.2615156605725,11155.250463596289,404.4,9,23:12:30,8/4/2025,23:12:30,27.88,969.18,28.93,28.79,40.77,748.3,27.15,ON,29.4 - 29.6
1754367152.0608242,33.420953859653146,-111.92061267302407,3325.2572315791886,11155.236760381444,398.2,9,23:12:32,8/4/2025,23:12:32,28.55,968.19,28.32,28.93,47.56,737.5,26.93,ON,29.4 - 29.6
1754367154.068413,33.421007316643795,-111.92059345925787,3325.2604389986277,11155.235607555473,404.1,12,23:12:34,8/4/2025,23:12:34,28.0,969.07,28.78,28.05,45.28,774.5,27.31,ON,29.4 - 29.6
1754367156.073088,33.421108321489285,-111.92058827358532,3325.266499289357,11155.23529641512,410.1,7,23:12:36,8/4/2025,23:12:36,29.17,966.21,29.32,28.48,41.77,755.3,27.34,ON,29.4 - 29.6
1754367158.076235,33.42126607210891,-111.9206974385503,3325.2759643265344,11155.241846313018,412.9,10,23:12:38,8/4/2025,23:12:38,27.88,965.53,28.83,28.88,49.38,768.5,27.56,ON,29.4 - 29.6
1754367160.083092,33.421019285014495,-111.92062723061332,3325.2611571008697,11155.2376338368,397.5,10,23:12:40,8/4/2025,23:12:40,29.14,968.54,28.04,28.47,48.29,774.2,27.03,ON,29.4 - 29.6
1754367162.086756,33.42121991132672,-111.9208028652287,3325.2731946796034,11155.248171913721,403.5,12,23:12:42,8/4/2025,23:12:42,27.66,966.98,28.57,27.92,42.36,744.1,27.39,ON,29.4 - 29.6
1754367164.091212,33.4212690211987,-111.9205960635781,3325.276141271922,11155.235763814686,403.8,7,23:12:44,8/4/2025,23:12:44,29.37,966.71,28.1,29.0,41.07,750.6,27.85,ON,29.4 - 29.6
1754367166.0961652,33.42126305695088,-111.9207600656191,3325.2757834170525,11155.245603937146,398.6,12,23:12:46,8/4/2025,23:12:46,27.87,967.94,28.85,28.59,47.1,748.0,27.2,ON,29.4 - 29.6
1754367168.102946,33.421107111282325,-111.9209175769626,3325.2664266769393,11155.255054617755,401.9,11,23:12:48,8/4/2025,23:12:48,27.87,969.87,28.74,28.9,47.68,777.1,27.44,ON,29.4 - 29.6
1754367170.108489,33.42130008669811,-111.92091571105124,3325.2780052018866,11155.254942663074,414.9,9,23:12:50,8/4/2025,23:12:50,28.75,968.21,29.21,28.59,44.2,720.4,27.86,ON,29.4 - 29.6
1754367172.113996,33.420979916471005,-111.92090121488263,3325.2587949882604,11155.254072892958,403.1,11,23:12:52,8/4/2025,23:12:52,29.02,967.11,27.53,28.83,43.47,756.4,27.21,ON,29.4 - 29.6
1754367174.116971,33.421120190519346,-111.92064724348914,3325.267211431161,11155.238834609348,414.2,11,23:12:54,8/4/2025,23:12:54,28.91,966.09,28.34,28.75,46.41,733.8,27.72,ON,29.4 - 29.6
1754367176.123681,33.421045659963724,-111.9206851104795,3325.2627395978234,11155.24110662877,405.2,11,23:12:56,8/4/2025,23:12:56,28.44,969.03,28.34,28.79,41.77,721.5,27.23,ON,29.4 - 29.6
1754367178.126664,33.42125220233448,-111.92072764263843,3325.2751321400688,11155.243658558305,408.5,12,23:12:58,8/4/2025,23:12:58,28.51,965.68,29.05,27.9,40.32,773.5,27.07,ON,29.4 - 29.6
1754367180.131207,33.42111628560888,-111.92062644168888,3325.266977136533,11155.237586501333,416.5,10,23:13:00,8/4/2025,23:13:00,28.19,965.15,28.94,28.35,44.77,762.3,27.33,ON,29.4 - 29.6
1754367182.133198,33.42122324410802,-111.9209131502175,3325.2733946464814,11155.25478901305,404.5,8,23:13:02,8/4/2025,23:13:02,29.55,967.2,28.57,29.19,49.23,746.8,27.55,ON,29.4 - 29.6
1754367184.136875,33.421029058718325,-111.92083393613535,3325.2617435230995,11155.250036168121,400.5,10,23:13:04,8/4/2025,23:13:04,28.44,968.28,28.91,28.39,46.06,723.6,27.97,ON,29.4 - 29.6
1754367186.1411278,33.421071569166216,-111.92079523940659,3325.264294149973,11155.247714364396,409.9,7,23:13:06,8/4/2025,23:13:06,29.13,966.73,28.54,29.28,44.33,719.2,27.71,ON,29.4 - 29.6
1754367188.1482089,33.42111309470336,-111.92095782208283,3325.2667856822013,11155.25746932497,403.5,10,23:13:08,8/4/2025,23:13:08,28.86,965.93,27.68,28.06,47.08,756.4,27.92,ON,29.4 - 29.6
1754367190.154228,33.42114773861305,-111.92082977734502,3325.268864316783,11155.249786640701,406.8,8,23:13:10,8/4/2025,23:13:10,27.41,967.75,27.65,27.77,45.53,733.7,27.26,ON,29.4 - 29.6
1754367192.1611881,33.42128700627602,-111.92093057403275,3325.277220376561,11155.255834441965,406.4,8,23:13:12,8/4/2025,23:13:12,28.81,965.46,27.84,28.87,41.86,744.2,27.58,ON,29.4 - 29.6
1754367194.1678479,33.42120129783579,-111.92091721271915,3325.2720778701478,11155.255032763149,416.5,9,23:13:14,8/4/2025,23:13:14,28.55,967.86,28.41,28.3,43.69,765.9,27.68,ON,29.4 - 29.6
1754367196.171204,33.42134231974948,-111.92073773810459,3325.280539184969,11155.244264286275,403.8,12,23:13:16,8/4/2025,23:13:16,29.39,967.41,27.81,28.77,40.44,752.6,28.02,ON,29.4 - 29.6
1754367198.1783218,33.42128535533221,-111.92091183739157,3325.2771213199326,11155.254710243495,402.4,9,23:13:18,8/4/2025,23:13:18,29.26,969.87,28.13,27.84,43.42,746.8,27.76,ON,29.4 - 29.6
1754367200.185179,33.42129868482046,-111.9206896317743,3325.277921089227,11155.241377906457,404.1,10,23:13:20,8/4/2025,23:13:20,28.64,966.53,29.59,29.35,46.32,722.0,27.96,ON,29.4 - 29.6
1754367202.190292,33.42136999218964,-111.92084669688832,3325.2821995313784,11155.2508018133,399.0,12,23:13:22,8/4/2025,23:13:22,27.76,966.43,28.41,28.93,45.45,762.4,27.91,ON,29.4 - 29.6
1754367204.1973171,33.42133572484094,-111.9207102267182,3325.2801434904563,11155.242613603092,406.6,12,23:13:24,8/4/2025,23:13:24,27.96,968.38,28.55,28.56,48.7,737.3,28.07,ON,29.4 - 29.6
1754367206.2033548,33.42128217034214,-111.92084653735137,3325.2769302205284,11155.250792241082,413.4,12,23:13:26,8/4/2025,23:13:26,28.56,965.66,28.96,28.55,41.01,741.8,27.99,ON,29.4 - 29.6
1754367208.206344,33.4211249343202,-111.920945146544,3325.2674960592117,11155.25670879264,408.4,10,23:13:28,8/4/2025,23:13:28,27.93,968.62,28.41,28.22,48.72,724.8,27.81,ON,29.4 - 29.6
1754367210.210132,33.4212588949675,-111.92094347767892,3325.27553369805,11155.256608660735,405.6,10,23:13:30,8/4/2025,23:13:30,28.58,967.57,28.53,27.72,48.75,739.7,27.71,ON,29.4 - 29.6
1754367212.216248,33.421204904040145,-111.92066772716647,3325.272294242409,11155.240063629988,416.8,11,23:13:32,8/4/2025,23:13:32,28.84,967.64,29.58,28.57,43.51,759.0,28.18,ON,29.4 - 29.6
1754367214.220203,33.42127073922604,-111.92091030582257,3325.276244353562,11155.254618349354,400.8,8,23:13:34,8/4/2025,23:13:34,27.66,969.98,27.7,28.85,48.6,746.9,27.97,ON,29.4 - 29.6
1754367216.227682,33.42127429916863,-111.92070710078652,3325.2764579501177,11155.24242604719,415.8,10,23:13:36,8/4/2025,23:13:36,28.06,965.22,29.43,28.93,44.91,747.8,27.59,ON,29.4 - 29.6
1754367218.2316248,33.4212503390734,-111.9207374330403,3325.2750203444043,11155.244245982418,405.6,11,23:13:38,8/4/2025,23:13:38,29.4,969.15,29.42,28.49,43.17,724.1,28.16,ON,29.4 - 29.6
1754367220.238025,33.42109363175957,-111.9209193623248,3325.265617905574,11155.255161739487,408.3,10,23:13:40,8/4/2025,23:13:40,29.12,966.02,29.05,27.97,40.72,725.5,27.7,ON,29.4 - 29.6
1754367222.24151,33.42134984974166,-111.92080697932403,3325.2809909844996,11155.248418759442,405.8,12,23:13:42,8/4/2025,23:13:42,28.98,967.36,28.44,28.34,45.68,765.4,27.8,ON,29.4 - 29.6
1754367224.247936,33.421248752461594,-111.92078932901364,3325.2749251476957,11155.247359740819,404.0,10,23:13:44,8/4/2025,23:13:44,27.5,969.67,28.48,28.82,43.84,771.0,27.52,ON,29.4 - 29.6
1754367226.251169,33.42139491399269,-111.92083686397558,3325.2836948395616,11155.250211838535,406.7,10,23:13:46,8/4/2025,23:13:46,28.98,968.61,29.25,28.44,46.85,737.8,27.75,ON,29.4 - 29.6
1754367228.258378,33.42140143488165,-111.92084508428891,3325.284086092899,11155.250705057335,403.2,9,23:13:48,8/4/2025,23:13:48,28.93,967.57,29.35,28.77,48.15,756.3,27.94,ON,29.4 - 29.6
1754367230.261579,33.42128432142224,-111.92075086837382,3325.2770592853344,11155.24505210243,407.0,7,23:13:50,8/4/2025,23:13:50,29.46,969.02,29.03,27.88,44.17,763.1,27.47,ON,29.4 - 29.6
1754367232.2642639,33.42144279736606,-111.92086375507843,3325.286567841964,11155.251825304706,405.1,11,23:13:52,8/4/2025,23:13:52,28.88,966.01,28.95,28.74,45.62,748.4,27.94,ON,29.4 - 29.6
1754367234.27268,33.42141530979352,-111.92075018529744,3325.284918587611,11155.245011117846,402.5,10,23:13:54,8/4/2025,23:13:54,27.62,967.74,28.57,28.84,42.65,718.4,27.84,ON,29.4 - 29.6
1754367236.279776,33.42114060939927,-111.92078263862062,3325.268436563956,11155.246958317237,404.1,10,23:13:56,8/4/2025,23:13:56,29.23,968.96,29.03,28.66,47.95,715.2,27.67,ON,29.4 - 29.6
1754367238.286776,33.42125729937257,-111.92082379982081,3325.2754379623543,11155.249427989249,411.0,12,23:13:58,8/4/2025,23:13:58,28.78,967.69,27.93,28.0,47.3,759.1,27.89,ON,29.4 - 29.6
1754367240.2932868,33.42125319900795,-111.92070417717711,3325.275191940477,11155.242250630627,411.3,9,23:14:00,8/4/2025,23:14:00,28.91,966.16,29.27,28.04,46.83,747.9,27.89,ON,29.4 - 29.6
1754367242.299225,33.4214227730605,-111.92070072825081,3325.28536638363,11155.242043695049,410.6,7,23:14:02,8/4/2025,23:14:02,28.82,965.18,29.2,28.77,42.04,771.3,27.6,ON,29.4 - 29.6
1754367244.3063118,33.42142540965257,-111.92087804222587,3325.2855245791543,11155.252682533552,399.9,11,23:14:04,8/4/2025,23:14:04,27.71,968.73,28.57,28.64,39.98,754.4,27.76,ON,29.4 - 29.6
1754367246.311147,33.42130858795108,-111.92074154306735,3325.278515277065,11155.244492584041,407.4,12,23:14:06,8/4/2025,23:14:06,29.72,968.59,28.94,28.95,44.76,736.8,28.31,ON,29.4 - 29.6
1754367248.31537,33.421302993471585,-111.92072838491006,3325.278179608295,11155.243703094604,396.2,8,23:14:08,8/4/2025,23:14:08,28.98,966.75,28.93,28.5,45.34,750.0,27.73,ON,29.4 - 29.6
1754367250.321004,33.4213117831658,-111.92057442114637,3325.2787069899478,11155.234465268783,413.9,11,23:14:10,8/4/2025,23:14:10,29.89,966.45,28.4,29.23,49.41,720.5,28.32,ON,29.4 - 29.6
1754367252.3219469,33.42142287156188,-111.92056912760751,3325.285372293713,11155.23414765645,396.9,12,23:14:12,8/4/2025,23:14:12,28.72,970.51,29.02,28.18,48.29,729.9,27.64,ON,29.4 - 29.6
1754367254.329063,33.421251645555486,-111.92084019767523,3325.2750987333293,11155.250411860514,404.9,8,23:14:14,8/4/2025,23:14:14,29.57,966.49,29.28,29.22,41.35,736.9,27.55,ON,29.4 - 29.6
1754367256.336926,33.421176207101546,-111.92056481903889,3325.2705724260927,11155.233889142333,408.8,11,23:14:16,8/4/2025,23:14:16,29.52,966.49,29.1,29.03,46.27,718.2,27.75,ON,29.4 - 29.6
1754367258.344129,33.42129117559912,-111.92051390455141,3325.2774705359475,11155.230834273085,413.8,7,23:14:18,8/4/2025,23:14:18,28.94,964.59,27.78,28.66,47.06,719.9,27.94,ON,29.4 - 29.6
1754367260.351244,33.42137278507923,-111.9206295149681,3325.2823671047536,11155.237770898086,413.3,8,23:14:20,8/4/2025,23:14:20,28.18,966.95,28.66,27.89,45.61,746.3,28.41,ON,29.4 - 29.6
1754367262.3530712,33.42116029025058,-111.92052678254325,3325.269617415035,11155.231606952595,402.5,8,23:14:22,8/4/2025,23:14:22,29.02,967.95,29.48,28.63,41.14,724.6,27.97,ON,29.4 - 29.6
1754367264.360042,33.42113986271751,-111.92081392121867,3325.2683917630507,11155.24883527312,411.2,10,23:14:24,8/4/2025,23:14:24,28.05,966.35,28.19,28.68,45.76,767.9,27.71,ON,29.4 - 29.6
1754367266.36688,33.42126970074642,-111.92060126250823,3325.2761820447854,11155.236075750494,411.2,8,23:14:26,8/4/2025,23:14:26,29.11,966.43,29.15,28.25,47.97,737.1,28.36,ON,29.4 - 29.6
1754367268.372991,33.42129306663557,-111.92079240349267,3325.277583998134,11155.24754420956,406.1,9,23:14:28,8/4/2025,23:14:28,29.04,965.91,29.45,29.42,40.92,738.3,28.43,ON,29.4 - 29.6
1754367270.377747,33.421328249632516,-111.92066348930896,3325.279694977951,11155.239809358538,403.2,11,23:14:30,8/4/2025,23:14:30,28.06,967.63,29.57,28.89,48.4,734.5,28.45,ON,29.4 - 29.6
1754367272.378709,33.42134436346685,-111.92070022815233,3325.2806618080112,11155.24201368914,409.6,9,23:14:32,8/4/2025,23:14:32,29.42,966.8,29.03,28.69,48.78,735.5,28.34,ON,29.4 - 29.6
1754367274.384852,33.42132473931917,-111.92050677117678,3325.27948435915,11155.230406270606,405.3,10,23:14:34,8/4/2025,23:14:34,28.2,969.05,27.88,28.09,44.25,766.7,28.15,ON,29.4 - 29.6
1754367276.39149,33.42119607165238,-111.92050911870373,3325.271764299143,11155.230547122224,406.3,12,23:14:36,8/4/2025,23:14:36,28.96,969.22,28.85,28.66,44.65,734.4,28.1,ON,29.4 - 29.6
1754367278.397619,33.42127870474297,-111.9205534326991,3325.276722284578,11155.233205961946,393.9,9,23:14:38,8/4/2025,23:14:38,28.2,967.11,29.4,29.25,41.97,761.4,27.58,ON,29.4 - 29.6
1754367280.400436,33.42111180272563,-111.92071166067332,3325.266708163538,11155.2426996404,395.9,12,23:14:40,8/4/2025,23:14:40,28.67,968.07,28.38,28.91,47.87,720.0,28.31,ON,29.4 - 29.6
1754367282.404874,33.42121632944863,-111.92075198287078,3325.272979766918,11155.245118972247,399.6,12,23:14:42,8/4/2025,23:14:42,29.22,966.42,29.55,29.05,49.45,725.4,27.68,ON,29.4 - 29.6
1754367284.411009,33.421353615119195,-111.92075104055866,3325.2812169071517,11155.24506243352,400.6,9,23:14:44,8/4/2025,23:14:44,27.67,968.11,28.79,28.11,40.24,760.2,28.23,ON,29.4 - 29.6
1754367286.417072,33.42119440259218,-111.92072602259914,3325.2716641555307,11155.243561355948,394.2,12,23:14:46,8/4/2025,23:14:46,28.26,968.57,28.41,28.01,42.44,754.6,28.2,ON,29.4 - 29.6
1754367288.4213362,33.4211829837172,-111.92071985243625,3325.270979023032,11155.243191146175,392.7,9,23:14:48,8/4/2025,23:14:48,27.91,967.18,28.5,29.06,49.44,725.4,28.04,ON,29.4 - 29.6
1754367290.4271512,33.421335698950436,-111.92068787319947,3325.280141937026,11155.241272391968,391.6,11,23:14:50,8/4/2025,23:14:50,28.52,971.03,28.21,28.75,45.37,735.5,28.37,ON,29.4 - 29.6
1754367292.4310882,33.421154791956376,-111.92062865976087,3325.2692875173825,11155.237719585652,401.2,11,23:14:52,8/4/2025,23:14:52,29.29,966.95,28.25,28.22,41.47,734.7,27.93,ON,29.4 - 29.6
1754367294.433876,33.42121307896532,-111.92054036268995,3325.272784737919,11155.232421761397,407.6,9,23:14:54,8/4/2025,23:14:54,29.11,965.36,28.99,28.24,46.76,758.5,27.71,ON,29.4 - 29.6
1754367296.44,33.421097487684065,-111.92066527981291,3325.265849261044,11155.239916788774,391.8,9,23:14:56,8/4/2025,23:14:56,28.18,967.85,28.72,28.42,45.52,727.5,28.36,ON,29.4 - 29.6
1754367298.445385,33.42130741084236,-111.92073871951328,3325.2784446505416,11155.244323170797,398.3,10,23:14:58,8/4/2025,23:14:58,28.6,966.71,29.5,28.56,40.83,766.1,27.99,ON,29.4 - 29.6
1754367300.4513862,33.42118459891358,-111.92047424037521,3325.2710759348147,11155.228454422513,396.7,7,23:15:00,8/4/2025,23:15:00,27.87,968.75,27.75,28.94,43.29,727.6,28.34,ON,29.4 - 29.6
1754367302.4549918,33.42128006438978,-111.92057607517967,3325.2768038633867,11155.23456451078,400.5,9,23:15:02,8/4/2025,23:15:02,29.32,969.83,28.84,28.94,43.92,745.1,27.73,ON,29.4 - 29.6
1754367306.5469708,33.42120207183119,-111.9207825733212,3325.2721243098713,11155.246954399272,375.4,10,23:15:06,8/4/2025,23:15:06,29.18,971.0,28.49,28.37,45.19,710.1,25.81,ON,29.4 - 29.6
1754367308.551362,33.42134957636918,-111.92093877085121,3325.280974582151,11155.256326251072,374.3,11,23:15:08,8/4/2025,23:15:08,27.88,973.2,27.52,28.84,43.06,729.6,25.63,ON,29.4 - 29.6
1754367310.55381,33.421144888404,-111.92077200875514,3325.26869330424,11155.246320525308,376.9,11,23:15:10,8/4/2025,23:15:10,28.17,971.83,29.15,29.09,47.68,720.5,26.18,ON,29.4 - 29.6
1754367312.560055,33.42136735643001,-111.92070273420022,3325.2820413858008,11155.242164052013,379.2,12,23:15:12,8/4/2025,23:15:12,29.12,970.63,28.89,28.91,43.88,730.9,26.2,ON,29.4 - 29.6
1754367314.562708,33.42135213561945,-111.92066769360426,3325.281128137167,11155.240061616256,380.2,12,23:15:14,8/4/2025,23:15:14,29.39,969.7,28.33,29.15,47.88,707.5,25.91,ON,29.4 - 29.6
1754367316.568254,33.421241828575994,-111.92095732105251,3325.27450971456,11155.25743926315,385.6,8,23:15:16,8/4/2025,23:15:16,29.31,970.19,28.3,28.94,42.31,733.1,25.87,ON,29.4 - 29.6
1754367318.575052,33.421370433446434,-111.9209210594986,3325.282226006786,11155.255263569916,384.3,11,23:15:18,8/4/2025,23:15:18,27.66,970.7,28.0,28.0,42.22,690.4,25.72,ON,29.4 - 29.6
1754367320.584126,33.4211893312075,-111.92064090438878,3325.27135987245,11155.238454263326,390.7,9,23:15:20,8/4/2025,23:15:20,27.29,969.54,27.81,28.46,46.54,685.2,25.97,ON,29.4 - 29.6
1754367322.5910048,33.421160634501874,-111.92092049856964,3325.2696380701123,11155.255229914179,373.1,12,23:15:22,8/4/2025,23:15:22,27.52,971.74,28.74,27.77,40.63,683.3,26.66,ON,29.4 - 29.6
1754367324.596883,33.42123057288268,-111.92089784944429,3325.2738343729607,11155.253870966657,378.1,11,23:15:24,8/4/2025,23:15:24,28.37,971.27,28.85,28.91,41.24,695.4,25.73,ON,29.4 - 29.6
1754367326.6010728,33.42117609375486,-111.92068163340028,3325.2705656252915,11155.240898004016,390.5,7,23:15:26,8/4/2025,23:15:26,28.27,970.83,28.81,28.22,49.41,739.2,26.44,ON,29.4 - 29.6
1754367328.60372,33.42140199506421,-111.92073945651028,3325.2841197038524,11155.244367390616,374.7,9,23:15:28,8/4/2025,23:15:28,27.92,969.63,28.43,28.2,46.75,738.5,26.15,ON,29.4 - 29.6
1754367330.6056561,33.42129900474576,-111.92065652069248,3325.277940284746,11155.239391241548,391.2,12,23:15:30,8/4/2025,23:15:30,27.82,968.83,28.53,28.6,42.61,703.5,26.14,ON,29.4 - 29.6
1754367332.611079,33.42114521709037,-111.92093829497769,3325.268713025422,11155.256297698661,380.5,11,23:15:32,8/4/2025,23:15:32,27.38,969.97,28.36,27.98,43.27,730.1,26.73,ON,29.4 - 29.6
1754367334.61664,33.421157746386704,-111.92091938211466,3325.2694647832022,11155.25516292688,388.2,9,23:15:34,8/4/2025,23:15:34,28.52,969.91,28.24,27.73,44.46,726.6,26.59,ON,29.4 - 29.6
1754367336.622289,33.42137902601883,-111.9208547817943,3325.28274156113,11155.251286907658,391.4,12,23:15:36,8/4/2025,23:15:36,28.86,970.65,28.76,29.18,41.02,713.2,26.73,ON,29.4 - 29.6
1754367338.627702,33.42132813602714,-111.92076995942315,3325.2796881616287,11155.24619756539,386.0,9,23:15:38,8/4/2025,23:15:38,28.67,971.68,28.33,28.27,45.56,729.3,26.62,ON,29.4 - 29.6
1754367340.63049,33.42119592890331,-111.92079699249692,3325.2717557341985,11155.247819549815,390.4,9,23:15:40,8/4/2025,23:15:40,28.84,968.0,28.33,28.2,49.44,727.9,26.3,ON,29.4 - 29.6
1754367342.6368299,33.42115685525639,-111.92074945930632,3325.2694113153834,11155.24496755838,387.5,8,23:15:42,8/4/2025,23:15:42,29.11,967.73,28.66,28.38,46.72,749.9,26.31,ON,29.4 - 29.6
1754367344.6440802,33.42128861359993,-111.92079904656678,3325.2773168159956,11155.247942794007,384.1,8,23:15:44,8/4/2025,23:15:44,28.78,971.05,29.02,28.52,39.83,738.6,26.8,ON,29.4 - 29.6
1754367346.651125,33.42124107195914,-111.92062362300013,3325.2744643175483,11155.237417380007,381.6,10,23:15:46,8/4/2025,23:15:46,27.6,969.25,28.16,28.26,47.38,714.5,26.63,ON,29.4 - 29.6
1754367348.65797,33.421121965143946,-111.92060049390915,3325.267317908637,11155.236029634549,386.4,11,23:15:48,8/4/2025,23:15:48,29.05,967.92,28.4,28.29,49.47,697.6,26.24,ON,29.4 - 29.6
1754367350.6642292,33.421437595496634,-111.92068364454398,3325.286255729798,11155.24101867264,385.8,12,23:15:50,8/4/2025,23:15:50,28.21,967.88,28.23,28.14,44.02,704.4,26.39,ON,29.4 - 29.6
1754367352.671083,33.42132250959278,-111.92056436056743,3325.2793505755667,11155.233861634046,382.7,12,23:15:52,8/4/2025,23:15:52,28.38,969.78,27.88,28.85,46.48,696.0,26.55,ON,29.4 - 29.6
1754367354.67434,33.421126810121606,-111.92059391651297,3325.2676086072966,11155.235634990779,395.8,7,23:15:54,8/4/2025,23:15:54,27.77,969.14,28.4,28.98,45.88,709.3,26.04,ON,29.4 - 29.6
1754367356.680417,33.421241643734,-111.92083404707343,3325.27449862404,11155.250042824406,397.2,7,23:15:56,8/4/2025,23:15:56,29.15,967.45,27.73,28.56,45.1,705.0,26.22,ON,29.4 - 29.6
1754367358.6837828,33.421421178539795,-111.92062893753013,3325.2852707123875,11155.237736251807,400.0,9,23:15:58,8/4/2025,23:15:58,29.53,967.04,29.5,28.44,41.37,755.8,26.88,ON,29.4 - 29.6
1754367360.689811,33.421268296355926,-111.92071345103999,3325.2760977813555,11155.2428070624,391.6,8,23:16:00,8/4/2025,23:16:00,28.08,969.39,28.8,28.26,41.86,723.8,26.45,ON,29.4 - 29.6
1754367362.6961558,33.421322014750224,-111.92053234744957,3325.2793208850135,11155.231940846974,389.7,8,23:16:02,8/4/2025,23:16:02,27.86,970.23,28.51,27.7,48.81,760.0,26.23,ON,29.4 - 29.6
1754367364.698782,33.42115188174686,-111.92064910843798,3325.2691129048117,11155.238946506279,383.1,12,23:16:04,8/4/2025,23:16:04,27.55,970.68,27.77,27.78,46.82,753.8,26.38,ON,29.4 - 29.6
1754367366.7050838,33.421202243581924,-111.92059432682345,3325.2721346149156,11155.235659609407,384.4,11,23:16:06,8/4/2025,23:16:06,27.69,971.65,28.27,28.57,43.08,709.9,26.38,ON,29.4 - 29.6
1754367368.711689,33.421265332652716,-111.92071761184592,3325.275919959163,11155.243056710755,389.2,12,23:16:08,8/4/2025,23:16:08,29.29,970.08,28.7,28.05,39.91,752.1,27.04,ON,29.4 - 29.6
1754367370.7167292,33.421342064817836,-111.92069317175446,3325.28052388907,11155.241590305268,392.7,9,23:16:10,8/4/2025,23:16:10,27.85,969.59,28.19,28.51,42.66,706.7,26.23,ON,29.4 - 29.6
1754367372.72364,33.421270967435184,-111.92074065162791,3325.2762580461113,11155.244439097674,392.8,9,23:16:12,8/4/2025,23:16:12,29.49,968.04,29.21,29.29,48.84,725.6,26.82,ON,29.4 - 29.6
1754367374.728954,33.421346854474365,-111.92067037859948,3325.280811268462,11155.24022271597,398.9,9,23:16:14,8/4/2025,23:16:14,27.45,969.82,28.76,28.93,41.16,713.4,27.17,ON,29.4 - 29.6
1754367376.732459,33.42114397889923,-111.92050379648647,3325.268638733954,11155.230227789189,388.4,7,23:16:16,8/4/2025,23:16:16,27.62,971.44,28.94,28.63,47.82,707.9,26.26,ON,29.4 - 29.6
1754367378.738591,33.42119998095085,-111.92050194781913,3325.271998857051,11155.230116869148,397.8,12,23:16:18,8/4/2025,23:16:18,28.34,966.52,28.01,28.94,42.93,755.3,27.1,ON,29.4 - 29.6
1754367380.7447438,33.42139246330385,-111.92064188283864,3325.283547798231,11155.238512970318,392.6,11,23:16:20,8/4/2025,23:16:20,29.38,969.48,28.17,28.34,48.67,730.7,27.1,ON,29.4 - 29.6
1754367382.7517939,33.421230445613396,-111.92058908696181,3325.2738267368036,11155.235345217709,394.2,9,23:16:22,8/4/2025,23:16:22,29.4,968.31,27.66,29.0,48.49,744.3,26.89,ON,29.4 - 29.6
1754367384.757312,33.42113572448775,-111.92067312280663,3325.268143469265,11155.240387368398,397.4,7,23:16:24,8/4/2025,23:16:24,28.9,969.01,28.24,29.32,44.05,767.3,26.49,ON,29.4 - 29.6
1754367386.7605472,33.42128801468602,-111.92053943154839,3325.277280881161,11155.232365892904,391.8,8,23:16:26,8/4/2025,23:16:26,27.32,967.69,27.52,27.94,48.5,733.8,26.58,ON,29.4 - 29.6
1754367388.767361,33.421307321779295,-111.92079828885632,3325.2784393067577,11155.24789733138,404.5,9,23:16:28,8/4/2025,23:16:28,27.78,969.59,28.51,28.29,43.0,719.4,26.59,ON,29.4 - 29.6
1754367390.7729821,33.42122125015482,-111.92074050451113,3325.273275009289,11155.244430270668,406.0,9,23:16:30,8/4/2025,23:16:30,29.2,968.01,29.5,29.1,39.97,712.5,26.87,ON,29.4 - 29.6
1754367392.780253,33.421353567727174,-111.92060515707232,3325.2812140636306,11155.23630942434,393.1,8,23:16:32,8/4/2025,23:16:32,27.26,970.04,27.88,27.82,45.12,716.9,27.19,ON,29.4 - 29.6
1754367394.78611,33.42108020993093,-111.92068536192726,3325.264812595856,11155.241121715635,401.9,7,23:16:34,8/4/2025,23:16:34,28.92,966.25,28.13,28.93,49.1,750.2,26.95,ON,29.4 - 29.6
1754367396.787607,33.42120597750405,-111.92076779451067,3325.272358650243,11155.24606767064,405.7,11,23:16:36,8/4/2025,23:16:36,28.38,967.04,28.19,28.55,41.93,765.5,27.13,ON,29.4 - 29.6
1754367398.789073,33.42104559402844,-111.92061928483727,3325.2627356417065,11155.237157090236,404.8,11,23:16:38,8/4/2025,23:16:38,27.93,965.84,27.66,28.47,42.21,727.5,27.25,ON,29.4 - 29.6
1754367400.794749,33.42125199707297,-111.92059232717956,3325.275119824378,11155.235539630774,390.6,9,23:16:40,8/4/2025,23:16:40,28.66,969.99,27.54,28.86,43.78,730.1,27.23,ON,29.4 - 29.6
1754367402.8007302,33.4211868722313,-111.92069697074467,3325.2712123338783,11155.24181824468,409.1,12,23:16:42,8/4/2025,23:16:42,29.52,965.86,28.87,28.4,40.56,754.0,27.41,ON,29.4 - 29.6
1754367404.8039072,33.42116887921304,-111.92055813733064,3325.2701327527825,11155.233488239839,393.6,10,23:16:44,8/4/2025,23:16:44,29.5,969.37,27.86,28.8,43.61,721.7,27.23,ON,29.4 - 29.6
1754367406.809942,33.421148803041525,-111.92058876683592,3325.2689281824914,11155.235326010155,401.8,12,23:16:46,8/4/2025,23:16:46,28.31,969.21,29.02,28.63,42.66,717.9,27.09,ON,29.4 - 29.6
1754367408.817307,33.421186114357354,-111.92066041298315,3325.271166861441,11155.23962477899,408.2,11,23:16:48,8/4/2025,23:16:48,27.98,968.44,28.17,28.57,43.54,759.3,27.12,ON,29.4 - 29.6
1754367410.8231602,33.421164300240235,-111.92059379911085,3325.2698580144142,11155.235627946651,409.9,8,23:16:50,8/4/2025,23:16:50,29.21,967.49,27.86,28.53,42.63,771.2,27.49,ON,29.4 - 29.6
1754367412.82987,33.42129166412638,-111.92064871125673,3325.277499847583,11155.238922675404,405.7,8,23:16:52,8/4/2025,23:16:52,28.89,968.97,29.35,28.77,46.78,743.5,26.59,ON,29.4 - 29.6
1754367414.8366458,33.421296310377265,-111.92058157389198,3325.277778622636,11155.234894433519,398.9,8,23:16:54,8/4/2025,23:16:54,29.06,968.23,29.11,29.0,47.05,729.7,26.94,ON,29.4 - 29.6
1754367416.838882,33.421129314795984,-111.92054003037447,3325.267758887759,11155.232401822468,400.1,10,23:16:56,8/4/2025,23:16:56,28.62,968.92,28.56,29.13,49.19,729.7,26.69,ON,29.4 - 29.6
1754367418.842006,33.42113808753323,-111.92055707468886,3325.268285251994,11155.233424481332,392.5,8,23:16:58,8/4/2025,23:16:58,27.62,967.37,28.54,28.49,41.91,738.0,27.35,ON,29.4 - 29.6
1754367420.845458,33.42121157957139,-111.92059709419131,3325.2726947742835,11155.235825651478,392.8,11,23:17:00,8/4/2025,23:17:00,28.94,968.09,28.79,27.95,42.77,744.7,27.51,ON,29.4 - 29.6
1754367422.848022,33.42121694231751,-111.92081175765843,3325.2730165390503,11155.248705459506,406.4,12,23:17:02,8/4/2025,23:17:02,27.67,966.59,28.1,28.94,47.0,740.2,27.58,ON,29.4 - 29.6
1754367424.8502882,33.42104480363503,-111.9205848013394,3325.2626882181016,11155.235088080364,411.6,7,23:17:04,8/4/2025,23:17:04,29.49,966.1,28.72,28.9,45.41,768.3,27.05,ON,29.4 - 29.6
1754367426.8518069,33.42103029799149,-111.92068132661097,3325.2618178794896,11155.240879596658,400.3,12,23:17:06,8/4/2025,23:17:06,28.98,968.07,28.45,28.38,43.6,722.0,26.87,ON,29.4 - 29.6
1754367428.854926,33.42103900920073,-111.92051875343896,3325.262340552044,11155.231125206337,398.7,12,23:17:08,8/4/2025,23:17:08,29.49,969.11,28.96,28.82,40.67,725.5,27.4,ON,29.4 - 29.6
1754367430.859891,33.42118264451255,-111.92066850129231,3325.270958670753,11155.240110077539,409.1,10,23:17:10,8/4/2025,23:17:10,28.05,967.83,28.04,29.18,43.44,775.2,27.12,ON,29.4 - 29.6
1754367432.865706,33.421183963957716,-111.92083487768144,3325.271037837463,11155.250092660886,413.0,12,23:17:12,8/4/2025,23:17:12,28.61,964.71,28.94,28.68,44.7,747.7,26.99,ON,29.4 - 29.6
1754367434.871531,33.421040103353775,-111.92071541606532,3325.2624062012264,11155.242924963919,400.0,8,23:17:14,8/4/2025,23:17:14,28.16,970.09,28.46,29.01,43.63,746.3,27.09,ON,29.4 - 29.6
1754367436.877429,33.42097132057251,-111.92064432390696,3325.2582792343505,11155.238659434417,398.9,8,23:17:16,8/4/2025,23:17:16,28.33,968.26,28.13,28.7,48.69,752.4,27.35,ON,29.4 - 29.6
1754367438.8840919,33.421207877710714,-111.92068868473552,3325.272472662643,11155.241321084131,411.8,7,23:17:18,8/4/2025,23:17:18,27.65,968.35,29.02,28.26,42.33,752.2,27.12,ON,29.4 - 29.6
1754367440.8898811,33.42116952625007,-111.92065215596925,3325.270171575004,11155.239129358155,403.9,9,23:17:20,8/4/2025,23:17:20,27.93,965.76,28.67,28.06,40.37,750.9,27.08,ON,29.4 - 29.6
1754367442.894888,33.421279457008794,-111.92065378802641,3325.2767674205274,11155.239227281585,414.3,11,23:17:22,8/4/2025,23:17:22,29.7,965.91,29.07,28.62,41.48,732.4,27.49,ON,29.4 - 29.6
1754367444.8982432,33.42113430670003,-111.92080863467669,3325.2680584020018,11155.248518080602,397.7,10,23:17:24,8/4/2025,23:17:24,29.45,969.52,29.34,28.94,42.05,749.6,27.47,ON,29.4 - 29.6
1754367446.900246,33.421199761192106,-111.92064292255236,3325.271985671526,11155.238575353142,415.2,12,23:17:26,8/4/2025,23:17:26,29.31,967.47,28.96,28.78,46.09,769.2,26.84,ON,29.4 - 29.6
1754367448.903348,33.42122939835893,-111.92057201196067,3325.273763901536,11155.23432071764,415.5,12,23:17:28,8/4/2025,23:17:28,27.63,965.03,29.24,28.19,41.78,743.0,27.59,ON,29.4 - 29.6
1754367450.9092648,33.42111111790113,-111.92058456251591,3325.2666670740678,11155.235073750955,407.7,7,23:17:30,8/4/2025,23:17:30,27.52,968.62,28.5,28.27,41.4,757.5,27.43,ON,29.4 - 29.6
1754367452.911707,33.421178540488,-111.92070146227597,3325.27071242928,11155.242087736558,400.1,11,23:17:32,8/4/2025,23:17:32,28.29,967.24,29.05,28.87,40.73,769.7,27.16,ON,29.4 - 29.6
1754367454.916074,33.421232780581775,-111.92067517054615,3325.2739668349063,11155.240510232768,396.7,10,23:17:34,8/4/2025,23:17:34,29.05,968.17,27.76,28.71,43.85,751.2,27.09,ON,29.4 - 29.6
1754367456.922708,33.42123389690757,-111.92061785465825,3325.2740338144545,11155.237071279495,398.7,8,23:17:36,8/4/2025,23:17:36,28.99,966.6,28.22,29.01,40.67,760.3,27.47,ON,29.4 - 29.6
1754367458.929312,33.4212834558123,-111.92088668664343,3325.277007348738,11155.253201198606,409.2,7,23:17:38,8/4/2025,23:17:38,29.23,965.67,27.89,28.73,43.25,762.8,27.51,ON,29.4 - 29.6
1754367460.930567,33.42127800875675,-111.9206295781748,3325.276680525405,11155.237774690488,408.7,11,23:17:40,8/4/2025,23:17:40,28.82,967.65,28.45,29.3,47.14,742.1,27.37,ON,29.4 - 29.6
1754367462.9349089,33.421195246945736,-111.92091804665955,3325.271714816744,11155.255082799573,398.3,9,23:17:42,8/4/2025,23:17:42,28.59,967.64,28.82,29.12,46.75,759.2,26.99,ON,29.4 - 29.6
1754367464.941513,33.4210463676267,-111.92073621769914,3325.262782057602,11155.244173061948,405.9,10,23:17:44,8/4/2025,23:17:44,28.8,966.25,28.96,28.62,48.8,737.2,27.32,ON,29.4 - 29.6
1754367466.945333,33.42104002957729,-111.920619148067,3325.2624017746375,11155.23714888402,406.0,10,23:17:46,8/4/2025,23:17:46,29.3,967.47,28.25,27.98,49.39,765.7,27.83,ON,29.4 - 29.6
1754367468.951048,33.421248650926074,-111.9206111018589,3325.2749190555646,11155.236666111534,398.1,12,23:17:48,8/4/2025,23:17:48,27.67,967.93,28.46,28.51,46.41,723.2,27.34,ON,29.4 - 29.6
1754367472.248137,33.42124577680021,-111.92095070598022,3325.2747466080127,11155.257042358813,369.8,11,23:17:52,8/4/2025,23:17:52,27.49,973.5,29.02,27.93,44.38,695.0,26.17,ON,29.4 - 29.6
1754367474.250465,33.421363506211726,-111.92095001055044,3325.2818103727036,11155.257000633026,376.9,12,23:17:54,8/4/2025,23:17:54,29.26,971.32,28.67,28.57,44.32,708.3,26.23,ON,29.4 - 29.6
1754367476.2549188,33.42124599099335,-111.92073457848255,3325.274759459601,11155.244074708953,381.9,10,23:17:56,8/4/2025,23:17:56,27.31,968.98,27.64,27.76,46.5,700.2,25.65,ON,29.4 - 29.6
1754367478.258511,33.421182162091775,-111.92073394204333,3325.2709297255064,11155.2440365226,386.2,9,23:17:58,8/4/2025,23:17:58,28.91,969.33,28.36,29.34,43.6,720.1,25.64,ON,29.4 - 29.6
1754367480.259734,33.42115100389075,-111.92083625606959,3325.269060233445,11155.250175364175,382.1,7,23:18:00,8/4/2025,23:18:00,28.54,970.15,28.54,27.83,47.12,722.1,26.57,ON,29.4 - 29.6
1754367482.262908,33.42139023006993,-111.9206873882356,3325.283413804196,11155.241243294136,370.7,8,23:18:02,8/4/2025,23:18:02,28.92,970.37,29.23,28.8,47.54,722.0,26.1,ON,29.4 - 29.6
1754367484.268783,33.42107668093523,-111.9208749617299,3325.2646008561137,11155.252497703794,378.8,10,23:18:04,8/4/2025,23:18:04,28.02,969.59,27.99,29.21,48.9,724.2,25.71,ON,29.4 - 29.6
1754367486.276046,33.42124190847333,-111.92093284940997,3325.2745145083995,11155.255970964598,378.3,7,23:18:06,8/4/2025,23:18:06,29.18,969.06,28.24,28.19,46.3,730.1,25.76,ON,29.4 - 29.6
1754367488.283286,33.421125803242134,-111.92065111740698,3325.267548194528,11155.239067044418,375.6,9,23:18:08,8/4/2025,23:18:08,29.27,970.43,29.03,28.1,45.8,691.8,26.44,ON,29.4 - 29.6
1754367490.2910552,33.42138954212915,-111.92085151969837,3325.2833725277487,11155.251091181903,378.4,11,23:18:10,8/4/2025,23:18:10,27.84,970.32,29.28,29.14,49.4,703.3,26.55,ON,29.4 - 29.6
1754367492.298387,33.42109938350666,-111.92073278782081,3325.2659630103994,11155.243967269249,389.9,12,23:18:12,8/4/2025,23:18:12,28.87,969.06,27.8,28.63,40.94,716.8,26.09,ON,29.4 - 29.6
1754367494.304576,33.42116020635169,-111.92067316741432,3325.2696123811015,11155.240390044859,374.9,11,23:18:14,8/4/2025,23:18:14,29.07,971.83,28.25,28.75,48.49,701.6,25.88,ON,29.4 - 29.6
1754367496.3112068,33.42128288371698,-111.92083986527017,3325.2769730230184,11155.25039191621,379.3,11,23:18:16,8/4/2025,23:18:16,27.4,971.78,27.56,28.16,46.07,712.4,26.4,ON,29.4 - 29.6
1754367498.319531,33.42127398333374,-111.92068503377962,3325.2764390000243,11155.241102026777,390.1,7,23:18:18,8/4/2025,23:18:18,28.67,967.49,29.24,29.01,45.8,700.9,25.94,ON,29.4 - 29.6
1754367500.322945,33.42125023341368,-111.9207869930862,3325.2750140048206,11155.247219585171,389.8,9,23:18:20,8/4/2025,23:18:20,27.79,970.97,28.7,28.37,44.44,700.8,25.86,ON,29.4 - 29.6
1754367502.3298671,33.421177322175964,-111.92087507932159,3325.270639330558,11155.252504759295,390.1,12,23:18:22,8/4/2025,23:18:22,27.43,968.52,28.77,28.57,43.81,740.8,26.21,ON,29.4 - 29.6
1754367504.332694,33.42130463889342,-111.92061204779729,3325.278278333605,11155.236722867838,393.6,7,23:18:24,8/4/2025,23:18:24,28.55,970.68,28.23,28.35,42.6,714.5,26.63,ON,29.4 - 29.6
1754367506.3362072,33.42115286420623,-111.92085102588895,3325.269171852374,11155.251061553337,395.5,8,23:18:26,8/4/2025,23:18:26,28.11,969.03,29.28,28.84,44.72,711.3,26.15,ON,29.4 - 29.6
1754367508.343186,33.42135699644268,-111.92071230187918,3325.281419786561,11155.24273811275,390.9,10,23:18:28,8/4/2025,23:18:28,27.94,968.92,27.82,28.8,42.73,710.4,26.37,ON,29.4 - 29.6
1754367510.34615,33.42124802637031,-111.92070479216615,3325.2748815822183,11155.242287529969,395.0,8,23:18:30,8/4/2025,23:18:30,29.57,966.95,29.01,29.11,43.61,711.2,26.79,ON,29.4 - 29.6
1754367512.351649,33.42127742126588,-111.92088818898522,3325.2766452759524,11155.253291339113,379.0,8,23:18:32,8/4/2025,23:18:32,27.52,971.56,28.98,28.78,44.33,727.9,26.66,ON,29.4 - 29.6
1754367514.360662,33.421329018650326,-111.92073724524934,3325.2797411190195,11155.24423471496,394.1,11,23:18:34,8/4/2025,23:18:34,28.59,970.8,28.7,29.24,41.59,724.3,26.78,ON,29.4 - 29.6
1754367516.365817,33.42142552291532,-111.92069573290716,3325.285531374919,11155.24174397443,379.7,7,23:18:36,8/4/2025,23:18:36,29.59,971.63,28.02,28.64,49.07,736.4,26.92,ON,29.4 - 29.6
1754367518.3733492,33.42139814484718,-111.92088575815299,3325.2838886908307,11155.25314548918,397.4,7,23:18:38,8/4/2025,23:18:38,29.39,967.98,28.5,28.35,49.29,695.8,26.62,ON,29.4 - 29.6
1754367520.379364,33.42117531981934,-111.9206661273079,3325.2705191891605,11155.239967638474,382.7,10,23:18:40,8/4/2025,23:18:40,29.35,970.02,29.22,28.72,43.1,714.6,26.25,ON,29.4 - 29.6
1754367522.384794,33.42119189804672,-111.92070280794852,3325.2715138828034,11155.24216847691,385.7,8,23:18:42,8/4/2025,23:18:42,28.93,969.93,27.92,28.8,40.03,725.7,26.42,ON,29.4 - 29.6
1754367524.387776,33.42141387006631,-111.92059184430303,3325.2848322039786,11155.235510658182,388.1,10,23:18:44,8/4/2025,23:18:44,29.28,969.29,28.89,28.41,41.49,737.8,26.73,ON,29.4 - 29.6
1754367526.395402,33.421403941966425,-111.92075400730837,3325.2842365179854,11155.245240438502,393.6,8,23:18:46,8/4/2025,23:18:46,29.36,967.44,28.01,28.03,41.76,743.2,26.53,ON,29.4 - 29.6
1754367528.401877,33.42114467450296,-111.92062099153436,3325.2686804701775,11155.237259492062,384.5,12,23:18:48,8/4/2025,23:18:48,28.64,969.84,28.42,28.74,45.52,747.0,26.85,ON,29.4 - 29.6
1754367530.4095502,33.421423281987806,-111.92055170566019,3325.2853969192684,11155.233102339611,392.8,7,23:18:50,8/4/2025,23:18:50,28.86,967.44,28.01,28.98,46.82,753.6,27.01,ON,29.4 - 29.6
1754367532.419806,33.42111911938072,-111.92081298729288,3325.2671471628432,11155.248779237572,392.3,11,23:18:52,8/4/2025,23:18:52,28.62,968.07,27.67,28.42,45.03,741.2,27.12,ON,29.4 - 29.6
1754367534.426332,33.42120587961579,-111.92065808944368,3325.2723527769476,11155.239485366621,388.7,10,23:18:54,8/4/2025,23:18:54,27.68,967.96,28.48,28.51,48.73,707.9,26.74,ON,29.4 - 29.6
1754367536.430885,33.421189463452045,-111.92064172006798,3325.2713678071227,11155.238503204078,392.1,11,23:18:56,8/4/2025,23:18:56,27.7,968.5,28.52,27.96,44.74,731.8,26.42,ON,29.4 - 29.6
1754367538.435858,33.421423191194485,-111.92066820796808,3325.2853914716693,11155.240092478085,396.5,7,23:18:58,8/4/2025,23:18:58,29.03,966.97,28.37,27.72,40.39,704.8,26.96,ON,29.4 - 29.6
1754367540.443271,33.42117724120851,-111.92055241855921,3325.2706344725107,11155.233145113552,393.0,9,23:19:00,8/4/2025,23:19:00,29.01,969.22,28.13,28.06,48.35,758.8,26.96,ON,29.4 - 29.6
1754367542.449739,33.42141190659886,-111.92075000079112,3325.2847143959316,11155.245000047467,393.1,10,23:19:02,8/4/2025,23:19:02,28.15,967.52,28.17,28.67,46.0,752.0,26.87,ON,29.4 - 29.6
1754367544.453706,33.421254243705704,-111.92078368431733,3325.2752546223423,11155.24702105904,395.8,11,23:19:04,8/4/2025,23:19:04,28.71,968.5,28.89,28.21,48.54,744.4,26.89,ON,29.4 - 29.6
1754367546.460682,33.42128448739957,-111.9207531312058,3325.277069243974,11155.245187872348,400.5,7,23:19:06,8/4/2025,23:19:06,27.93,968.93,28.43,28.96,44.41,718.5,27.0,ON,29.4 - 29.6
1754367548.4679208,33.4213917622482,-111.92066056231154,3325.283505734892,11155.239633738693,397.0,7,23:19:08,8/4/2025,23:19:08,29.07,969.87,27.84,28.83,47.55,723.5,26.42,ON,29.4 - 29.6
1754367550.4764018,33.421384948709374,-111.92077089576894,3325.2830969225624,11155.246253746136,400.3,12,23:19:10,8/4/2025,23:19:10,27.73,969.82,28.55,28.23,44.21,741.0,26.8,ON,29.4 - 29.6
1754367552.477876,33.42137754282392,-111.92061665168303,3325.282652569435,11155.236999100982,396.0,9,23:19:12,8/4/2025,23:19:12,27.44,970.21,27.58,28.18,46.0,766.5,27.3,ON,29.4 - 29.6
1754367554.4856992,33.421192883053315,-111.92076413834751,3325.271572983199,11155.24584830085,389.3,8,23:19:14,8/4/2025,23:19:14,29.64,968.19,27.98,29.22,43.27,713.6,26.42,ON,29.4 - 29.6
1754367556.4926531,33.42136031372192,-111.92072447104502,3325.281618823315,11155.2434682627,391.6,11,23:19:16,8/4/2025,23:19:16,28.49,969.94,28.72,28.77,46.32,761.2,26.37,ON,29.4 - 29.6
1754367558.500871,33.42134535278063,-111.92075075925234,3325.280721166838,11155.24504555514,404.1,9,23:19:18,8/4/2025,23:19:18,28.85,968.36,27.92,28.52,45.17,764.1,26.47,ON,29.4 - 29.6
1754367560.508109,33.42113087517934,-111.92051274120816,3325.2678525107603,11155.23076447249,406.8,11,23:19:20,8/4/2025,23:19:20,29.29,968.35,28.03,28.55,49.0,727.1,26.65,ON,29.4 - 29.6
1754367562.510348,33.421322523805436,-111.92049839428297,3325.279351428326,11155.229903656978,395.9,7,23:19:22,8/4/2025,23:19:22,28.77,969.35,28.05,28.91,40.37,751.9,27.14,ON,29.4 - 29.6
1754367564.516025,33.42110743233128,-111.92058416047196,3325.266445939877,11155.235049628318,394.4,7,23:19:24,8/4/2025,23:19:24,27.72,969.49,27.85,27.89,43.99,739.4,27.35,ON,29.4 - 29.6
1754367566.52083,33.42103284440603,-111.92069793262095,3325.261970664362,11155.241875957257,398.7,8,23:19:26,8/4/2025,23:19:26,29.56,969.76,28.46,28.69,40.63,713.7,26.8,ON,29.4 - 29.6
1754367568.525104,33.42126156912746,-111.92078259141805,3325.2756941476478,11155.246955485083,390.6,10,23:19:28,8/4/2025,23:19:28,27.86,971.02,28.84,29.16,44.1,752.2,26.87,ON,29.4 - 29.6
1754367570.531946,33.42111559882255,-111.92056434863095,3325.266935929353,11155.233860917857,395.2,9,23:19:30,8/4/2025,23:19:30,29.07,967.24,29.09,28.35,41.37,763.3,26.77,ON,29.4 - 29.6
1754367572.534736,33.421271526171296,-111.92075558700238,3325.276291570278,11155.245335220143,404.3,8,23:19:32,8/4/2025,23:19:32,27.81,967.27,27.76,27.81,44.36,772.5,27.36,ON,29.4 - 29.6
1754367574.54201,33.42133003768117,-111.92059437097656,3325.2798022608704,11155.235662258594,400.5,7,23:19:34,8/4/2025,23:19:34,28.69,966.52,27.52,27.86,48.43,750.7,27.27,ON,29.4 - 29.6
1754367576.5501068,33.42107252245198,-111.92069773838648,3325.264351347119,11155.241864303189,406.2,8,23:19:36,8/4/2025,23:19:36,28.14,968.6,28.72,28.88,41.68,732.9,26.78,ON,29.4 - 29.6
1754367578.557424,33.42102280815939,-111.92067770052257,3325.2613684895637,11155.240662031354,404.2,11,23:19:38,8/4/2025,23:19:38,27.39,967.76,27.83,28.76,39.77,751.5,26.64,ON,29.4 - 29.6
1754367580.562433,33.421322658272636,-111.92066588257157,3325.279359496358,11155.239952954294,409.0,10,23:19:40,8/4/2025,23:19:40,27.98,966.23,29.01,28.82,49.44,736.6,27.38,ON,29.4 - 29.6
1754367582.567977,33.42121647348785,-111.92081033162239,3325.272988409271,11155.248619897344,403.6,7,23:19:42,8/4/2025,23:19:42,28.64,969.58,28.29,29.11,44.63,734.7,27.3,ON,29.4 - 29.6
1754367584.569833,33.42112648288231,-111.92063771741435,3325.2675889729385,11155.238263044861,401.6,11,23:19:44,8/4/2025,23:19:44,27.58,966.58,28.81,28.78,48.3,719.0,27.05,ON,29.4 - 29.6
1754367586.574986,33.42129791293312,-111.92070029514258,3325.277874775987,11155.242017708555,403.5,11,23:19:46,8/4/2025,23:19:46,28.97,969.45,28.94,28.48,48.25,766.0,27.26,ON,29.4 - 29.6
1754367588.5817118,33.42097890465349,-111.92062088623524,3325.2587342792094,11155.237253174115,408.4,11,23:19:48,8/4/2025,23:19:48,28.43,965.88,27.66,28.79,42.29,757.5,26.87,ON,29.4 - 29.6
1754367590.5865338,33.42107045293594,-111.92078903212811,3325.2642271761565,11155.247341927687,395.0,11,23:19:50,8/4/2025,23:19:50,28.87,967.85,27.97,28.46,44.75,754.2,27.46,ON,29.4 - 29.6
1754367592.5883362,33.42098577530009,-111.92065554556551,3325.2591465180053,11155.23933273393,397.0,7,23:19:52,8/4/2025,23:19:52,27.59,969.32,27.7,28.03,47.32,756.5,27.48,ON,29.4 - 29.6
1754367594.589795,33.42104604852591,-111.92069734006108,3325.2627629115545,11155.241840403665,393.6,8,23:19:54,8/4/2025,23:19:54,27.4,968.91,28.84,28.23,42.69,772.8,27.53,ON,29.4 - 29.6
1754367596.596999,33.42101561078392,-111.92058866944022,3325.260936647035,11155.235320166414,411.7,7,23:19:56,8/4/2025,23:19:56,29.64,968.43,28.12,28.06,42.5,770.9,26.89,ON,29.4 - 29.6
1754367598.603044,33.42110111096841,-111.92052523085619,3325.2660666581046,11155.231513851371,400.3,9,23:19:58,8/4/2025,23:19:58,29.51,968.92,29.3,28.79,42.49,772.3,27.63,ON,29.4 - 29.6
1754367600.612231,33.42102414602532,-111.92053770953386,3325.261448761519,11155.232262572032,407.3,8,23:20:00,8/4/2025,23:20:00,27.95,965.37,28.17,28.3,42.2,724.1,26.86,ON,29.4 - 29.6
1754367602.6178298,33.421105489959466,-111.92061965975681,3325.266329397568,11155.237179585409,409.8,8,23:20:02,8/4/2025,23:20:02,28.64,965.24,28.05,27.88,47.87,726.2,27.6,ON,29.4 - 29.6
1754367604.6244311,33.42102978559209,-111.92062866626162,3325.2617871355255,11155.237719975697,399.1,7,23:20:04,8/4/2025,23:20:04,29.47,968.25,28.71,28.45,40.36,761.3,27.65,ON,29.4 - 29.6
1754367606.626314,33.42112158271826,-111.92077684378768,3325.2672949630955,11155.24661062726,409.7,11,23:20:06,8/4/2025,23:20:06,28.26,967.42,27.93,27.79,44.86,748.9,27.27,ON,29.4 - 29.6
